{"cameraMode":{"drawMode":0,"name":"Shaded","section":"Shading Mode"},"sceneLighting":true,"audioPlay":false,"sceneViewState":{"m_AlwaysRefresh":false,"showFog":true,"showSkybox":true,"showFlares":true,"showImageEffects":true,"showParticleSystems":true,"showVisualEffectGraphs":true,"m_FxEnabled":true},"in2DMode":false,"pivot":{"x":-7.031554222106934,"y":1.2780261039733887,"z":250.77288818359376},"rotation":{"x":0.2898777723312378,"y":-0.09169794619083405,"z":0.027913818135857583,"w":0.952252984046936},"size":22.13675880432129,"orthographic":false}