{"cameraMode":{"drawMode":0,"name":"Shaded","section":"Shading Mode"},"sceneLighting":true,"audioPlay":false,"sceneViewState":{"m_AlwaysRefresh":false,"showFog":true,"showSkybox":true,"showFlares":true,"showImageEffects":true,"showParticleSystems":true,"showVisualEffectGraphs":true,"m_FxEnabled":true},"in2DMode":false,"pivot":{"x":-2.799999713897705,"y":1.7000000476837159,"z":495.4999694824219},"rotation":{"x":0.43416544795036318,"y":-0.03106849454343319,"z":0.014984766021370888,"w":0.9001737833023071},"size":21.866579055786134,"orthographic":false}